Ref,Val,Package,PosX,PosY,Rot,Side
"C100","4.7uF","C_0603_1608Metric",16.275000,30.875000,0.000000,top
"C101","100nF","C_0402_1005Metric",15.725000,32.100000,0.000000,top
"C102","100nF","C_0402_1005Metric",13.200000,29.200000,-90.000000,top
"C103","4.7uF","C_0603_1608Metric",14.425000,28.625000,-90.000000,top
"C104","100nF","C_0402_1005Metric",10.000000,14.500000,180.000000,top
"C105","100nF","C_0402_1005Metric",6.500000,6.470000,0.000000,top
"C106","100nF","C_0402_1005Metric",6.500000,5.500000,0.000000,top
"C122","100nF","C_0402_1005Metric",71.650000,13.350000,-90.000000,top
"C123","10uF","C_0603_1608Metric",57.725000,7.950000,-90.000000,top
"C124","100nF","C_0402_1005Metric",70.975000,7.875000,-90.000000,top
"C125","100pF","C_0402_1005Metric",77.700000,11.100000,0.000000,top
"C126","22nF","C_0402_1005Metric",79.165000,11.600000,-90.000000,top
"C127","4.7uF","C_0603_1608Metric",73.350000,7.400000,0.000000,top
"C128","47uF","C_1206_3216Metric",31.575000,11.000000,0.000000,top
"C129","47uF","C_1206_3216Metric",31.575000,8.650000,0.000000,top
"C130","47uF","C_1206_3216Metric",92.075000,29.450000,90.000000,top
"C131","47uF","C_1206_3216Metric",91.950000,45.075000,90.000000,top
"C132","47uF","C_1206_3216Metric",57.750000,60.350000,180.000000,top
"C133","47uF","C_1206_3216Metric",73.825000,60.150000,180.000000,top
"C135","22nF","C_0402_1005Metric",71.100000,20.800000,-90.000000,top
"C200","4.7uF","C_0603_1608Metric",10.672500,4.512500,-90.000000,top
"C201","1uF","C_0603_1608Metric",12.182500,4.512500,-90.000000,top
"C202","1uF","C_0603_1608Metric",16.357500,4.607500,180.000000,top
"C203","1uF","C_0603_1608Metric",15.930000,22.870000,90.000000,top
"C204","1uF","C_0603_1608Metric",20.135000,23.520000,90.000000,top
"C205","100nF","C_0402_1005Metric",18.895000,22.960000,90.000000,top
"C206","100nF","C_0402_1005Metric",17.925000,22.960000,90.000000,top
"C207","1uF","C_0603_1608Metric",43.900000,15.075000,-90.000000,top
"C208","1uF","C_0603_1608Metric",50.475000,12.525000,90.000000,top
"C300","1uF","C_0603_1608Metric",33.350000,22.425000,0.000000,top
"C301","10uF","C_0603_1608Metric",35.050000,20.925000,0.000000,top
"C302","10uF","C_0603_1608Metric",31.300000,14.425000,0.000000,top
"C303","10uF","C_0603_1608Metric",31.300000,12.925000,0.000000,top
"C306","47nF","C_0402_1005Metric",35.125000,17.475000,0.000000,top
"C307","10uF","C_0603_1608Metric",28.150000,14.400000,180.000000,top
"C308","4.7uF","C_0603_1608Metric",35.625000,19.450000,0.000000,top
"C400","10uF","C_0603_1608Metric",68.450000,27.825000,90.000000,top
"C401","100nF","C_0402_1005Metric",69.850000,27.825000,90.000000,top
"C402","100nF","C_0402_1005Metric",88.825000,29.450000,90.000000,top
"C403","10uF","C_0603_1608Metric",90.100000,29.450000,90.000000,top
"C404","330uF","CP_EIA-7343-31_Kemet-D",53.850000,9.100000,-90.000000,top
"C405","330uF","CP_EIA-7343-31_Kemet-D",87.855000,14.675000,90.000000,top
"C406","470uF","CP_EIA-7360-38_Kemet-E",93.950000,14.675000,90.000000,top
"C407","4.7nF","C_0402_1005Metric",112.100000,27.300000,-90.000000,top
"C408","4.7nF","C_0402_1005Metric",62.300000,3.900000,180.000000,top
"C409","4.7nF","C_0402_1005Metric",4.100000,29.200000,90.000000,top
"C410","4.7nF","C_0402_1005Metric",3.200000,46.300000,-90.000000,top
"C411","4.7nF","C_0402_1005Metric",68.700000,66.600000,-90.000000,top
"C412","10uF","C_0603_1608Metric",68.325000,43.450000,90.000000,top
"C413","100nF","C_0402_1005Metric",69.725000,43.450000,90.000000,top
"C414","100nF","C_0402_1005Metric",88.700000,45.080000,90.000000,top
"C415","10uF","C_0603_1608Metric",89.975000,45.075000,90.000000,top
"C417","10uF","C_0603_1608Metric",46.050000,26.900000,90.000000,top
"C418","100nF","C_0402_1005Metric",47.350000,26.600000,90.000000,top
"C419","100nF","C_0402_1005Metric",52.525000,27.525000,-90.000000,top
"C420","10uF","C_0603_1608Metric",53.800000,27.400000,-90.000000,top
"C421","10uF","C_0603_1608Metric",46.012500,21.425000,90.000000,top
"C422","100nF","C_0402_1005Metric",47.312500,21.125000,90.000000,top
"C423","100nF","C_0402_1005Metric",52.575000,22.050000,-90.000000,top
"C424","10uF","C_0603_1608Metric",53.775000,21.925000,-90.000000,top
"C500","22uF","C_0805_2012Metric",17.025000,53.163437,180.000000,top
"C501","100nF","C_0402_1005Metric",16.810000,54.740000,180.000000,top
"C502","100nF","C_0402_1005Metric",19.420000,61.700000,180.000000,top
"C503","10uF","CP_EIA-3216-18_Kemet-A",18.975000,57.898437,180.000000,top
"C504","10uF","CP_EIA-3216-18_Kemet-A",18.975000,60.088437,180.000000,top
"C505","10uF","C_0603_1608Metric",46.450000,41.875000,-90.000000,top
"C506","100nF","C_0402_1005Metric",47.725000,42.450000,-90.000000,top
"C507","1uF","C_0603_1608Metric",18.650000,56.038437,180.000000,top
"C508","10uF","C_0603_1608Metric",59.510000,41.900000,0.000000,top
"C509","100nF","C_0402_1005Metric",59.200000,43.200000,0.000000,top
"C510","22uF","C_0805_2012Metric",77.125000,15.375000,90.000000,top
"C511","22uF","C_0805_2012Metric",81.175000,15.375000,90.000000,top
"C512","22uF","C_0805_2012Metric",83.200000,15.375000,90.000000,top
"C513","22uF","C_0805_2012Metric",79.150000,15.375000,90.000000,top
"C600","100nF","C_0402_1005Metric",104.925000,15.942500,-90.000000,top
"C601","220uF","CP_Elec_10x10",103.100000,23.000000,180.000000,top
"C602","100nF","C_0402_1005Metric",104.912500,41.267500,-90.000000,top
"C603","220uF","CP_Elec_10x10",102.695000,48.325000,180.000000,top
"C604","100nF","C_0402_1005Metric",108.475000,14.975000,-90.000000,top
"C605","100nF","C_0402_1005Metric",108.462500,40.300000,-90.000000,top
"C701","10uF","C_0603_1608Metric",58.575000,62.350000,180.000000,top
"C702","100nF","C_0402_1005Metric",58.900000,63.650000,180.000000,top
"C704","10uF","C_0603_1608Metric",74.650000,62.150000,180.000000,top
"C705","100nF","C_0402_1005Metric",74.980000,63.450000,180.000000,top
"C800","100nF","C_0402_1005Metric",12.745000,48.515000,90.000000,top
"C801","100nF","C_0402_1005Metric",21.200000,40.600000,90.000000,top
"C802","100nF","C_0402_1005Metric",43.000000,40.620000,90.000000,top
"C803","100nF","C_0402_1005Metric",57.725000,53.970000,-90.000000,top
"C804","100nF","C_0402_1005Metric",7.100000,53.100000,180.000000,top
"C805","100nF","C_0402_1005Metric",3.775000,57.120000,-90.000000,top
"C806","100nF","C_0402_1005Metric",59.800000,31.200000,180.000000,top
"C807","100nF","C_0402_1005Metric",88.700000,57.920000,-90.000000,top
"C808","100nF","C_0402_1005Metric",100.500000,64.900000,-90.000000,top
"C809","100nF","C_0402_1005Metric",89.325000,63.350000,-90.000000,top
"D100","NCD0402G1","LED_0402_1005Metric",12.105000,37.580000,90.000000,top
"D101","NCD0402G1","LED_0402_1005Metric",13.080000,37.580000,90.000000,top
"D200","NCD0402R1","LED_0402_1005Metric",22.030000,14.855000,90.000000,top
"D201","NCD0402R1","LED_0402_1005Metric",49.025000,12.812500,-90.000000,top
"D300","NCD0402G1","LED_0402_1005Metric",29.320000,26.040000,90.000000,top
"D301","NCD0402R1","LED_0402_1005Metric",30.300000,26.040000,90.000000,top
"D302","NCD0402G1","LED_0402_1005Metric",37.062291,25.140000,90.000000,top
"D400","NCD0402R1","LED_0402_1005Metric",94.000000,25.550000,90.000000,top
"D403","NCD0402R1","LED_0402_1005Metric",93.875000,41.175000,90.000000,top
"D404","NCD0402R1","LED_0402_1005Metric",56.050000,26.500000,90.000000,top
"D405","NCD0402R1","LED_0402_1005Metric",56.025000,21.050000,90.000000,top
"D500","SBR3U40S1F","SBR3U40S1F-7",50.425000,56.775000,0.000000,top
"D600","SBR3U40S1F","SBR3U40S1F-7",106.700000,14.992500,-90.000000,top
"D601","SBR3U40S1F","SBR3U40S1F-7",106.687500,40.317500,-90.000000,top
"D700","NCD0402R1","LED_0402_1005Metric",72.040000,62.175000,180.000000,top
"D701","NCD0402R1","LED_0402_1005Metric",55.965000,62.375000,180.000000,top
"F400","Polyfuse_Small","Fuse_1210_3225Metric",20.150000,3.650000,0.000000,top
"F401","Polyfuse_Small","Fuse_1210_3225Metric",12.600000,25.100000,0.000000,top
"FID400","Fiducial","Fiducial_1mm_Mask2mm",10.900000,54.000000,0.000000,top
"FID401","Fiducial","Fiducial_1mm_Mask2mm",111.900000,61.900000,0.000000,top
"FID402","Fiducial","Fiducial_1mm_Mask2mm",91.900000,5.900000,0.000000,top
"J100","TYPE-C-31-M-12","USB_C_Receptacle_GCT_USB4105-xx-A_16P_TopMnt_Horizontal",2.960000,12.405000,-90.000000,top
"J300","JST_B2B","JST_EH_B2B-EH-A_1x02_P2.50mm_Vertical",26.000000,7.450000,180.000000,top
"J600","JST_B2B","JST_EH_B2B-EH-A_1x02_P2.50mm_Vertical",111.175000,13.650000,90.000000,top
"J601","JST_B2B","JST_EH_B2B-EH-A_1x02_P2.50mm_Vertical",111.162500,38.975000,90.000000,top
"J700","JST_B4B","JST_EH_B4B-EH-A_1x04_P2.50mm_Vertical",80.400000,66.700000,180.000000,top
"J701","JST_B4B","JST_EH_B4B-EH-A_1x04_P2.50mm_Vertical",64.325000,66.900000,180.000000,top
"J800","Conn_02x03_Odd_Even","PinHeader_2x03_P1.27mm_Vertical_SMD",17.600000,49.300000,180.000000,top
"J801","JST_B2B","JST_EH_B2B-EH-A_1x02_P2.50mm_Vertical",64.800000,54.445000,180.000000,top
"J802","JST_B2B","JST_EH_B2B-EH-A_1x02_P2.50mm_Vertical",7.615000,46.005000,90.000000,top
"J803","JST_B2B","JST_EH_B2B-EH-A_1x02_P2.50mm_Vertical",10.850000,57.600000,180.000000,top
"J804","Conn_02x05_Odd_Even","PinHeader_2x05_P1.27mm_Vertical_SMD",58.300000,35.500000,180.000000,top
"J805","JST_B2B","JST_EH_B2B-EH-A_1x02_P2.50mm_Vertical",95.775000,58.400000,180.000000,top
"J806","JST_B2B","JST_EH_B2B-EH-A_1x02_P2.50mm_Vertical",107.650000,65.325000,180.000000,top
"J807","JST_B2B","JST_EH_B2B-EH-A_1x02_P2.50mm_Vertical",95.750000,65.225000,180.000000,top
"J808","JST_B2B","JST_EH_B2B-EH-A_1x02_P2.50mm_Vertical",107.575000,58.425000,180.000000,top
"L103","4.7uH (SPM12565VT-4R7M-D)","SPM12565VT-4R7M",63.525000,16.125000,180.000000,top
"L300","SRN6045HA-1R0Y","SRN6045HA-1R0Y",37.650000,11.750000,-90.000000,top
"Q100","UMH3N","SOT-363_SC-70-6",8.305000,40.090000,180.000000,top
"Q113","CSD17313Q2","Texas_DQK",73.650000,15.050000,90.000000,top
"Q200","SI7615DN-T1-GE3","Diodes_PowerDI3333-8",12.632500,7.957500,180.000000,top
"Q201","SI7615DN-T1-GE3","Diodes_PowerDI3333-8",17.060000,7.307500,0.000000,top
"Q202","DMP6050SSD-13","DMP6050SSD_SO-8_3.9x4.9mm_P1.27mm",6.600000,23.800000,0.000000,top
"Q203","IRLML2402TRPBF","SOT-23",18.730000,12.000000,0.000000,top
"Q204","SI7615DN-T1-GE3","Diodes_PowerDI3333-8",51.987500,15.942500,0.000000,top
"Q205","IRLML2402TRPBF","SOT-23",46.412500,13.275000,90.000000,top
"Q300","BSS314PEH6327","BSS314PE",32.750000,26.675000,180.000000,top
"Q301","IRLML2402TRPBF","SOT-23",26.787500,25.800000,-90.000000,top
"Q500","IRLML2402TRPBF","SOT-23",52.575000,41.712500,0.000000,top
"Q600","STN3NF06L","SOT-223",105.275000,8.225000,-90.000000,top
"Q601","STN3NF06L","SOT-223",105.262500,33.550000,-90.000000,top
"Q700","BSS314PEH6327","BSS314PE",61.350000,62.650000,180.000000,top
"Q701","BSS314PEH6327","BSS314PE",77.425000,62.450000,180.000000,top
"Q702","IRLML2402TRPBF","SOT-23",65.637500,62.725000,90.000000,top
"Q703","IRLML2402TRPBF","SOT-23",81.712500,62.525000,90.000000,top
"R100","22K1","R_0402_1005Metric",16.050000,34.025000,-90.000000,top
"R101","1K","R_0402_1005Metric",15.060000,36.535000,-90.000000,top
"R102","0R","R_0402_1005Metric",7.870000,37.405000,-90.000000,top
"R103","47K5","R_0402_1005Metric",15.075000,34.025000,90.000000,top
"R104","0R","R_0402_1005Metric",8.850000,37.405000,-90.000000,top
"R105","220R","R_0402_1005Metric",11.125000,37.555000,90.000000,top
"R106","220R","R_0402_1005Metric",14.050000,37.555000,90.000000,top
"R107","10K","R_0402_1005Metric",6.530000,4.520000,0.000000,top
"R108","158K","R_0402_1005Metric",77.165000,8.675000,90.000000,top
"R109","14K3","R_0402_1005Metric",77.660000,10.125000,0.000000,top
"R110","49K9","R_0402_1005Metric",77.720000,12.075000,0.000000,top
"R111","20K","R_0402_1005Metric",75.775000,7.900000,90.000000,top
"R112","22K1","R_0402_1005Metric",43.670000,11.350000,0.000000,top
"R121","10K","R_0402_1005Metric",72.100000,20.780000,90.000000,top
"R201","49K9","R_0402_1005Metric",8.790000,20.585000,180.000000,top
"R202","1K","R_0402_1005Metric",13.590000,18.680000,180.000000,top
"R203","1K","R_0402_1005Metric",21.035000,14.830000,90.000000,top
"R204","1K","R_0402_1005Metric",13.590000,17.690000,0.000000,top
"R205","470R","R_0402_1005Metric",17.805000,14.680000,-90.000000,top
"R206","4K7","R_0402_1005Metric",19.785000,14.670000,90.000000,top
"R207","10K","R_0402_1005Metric",18.795000,14.680000,-90.000000,top
"R208","10K","R_0402_1005Metric",13.590000,20.660000,0.000000,top
"R209","10K","R_0402_1005Metric",13.590000,22.640000,0.000000,top
"R210","0R","R_0402_1005Metric",13.590000,16.700000,0.000000,top
"R211","10K","R_0402_1005Metric",15.325000,14.950000,90.000000,top
"R212","0R","R_0402_1005Metric",13.590000,19.670000,180.000000,top
"R213","0R","R_0402_1005Metric",13.590000,21.650000,180.000000,top
"R214","10K","R_0402_1005Metric",13.590000,15.720000,180.000000,top
"R215","0R","R_0402_1005Metric",16.315000,14.950000,-90.000000,top
"R216","49K9","R_0402_1005Metric",13.900000,5.380000,0.000000,top
"R217","49K9","R_0402_1005Metric",42.600000,15.170000,-90.000000,top
"R218","1K","R_0402_1005Metric",49.025000,10.900000,90.000000,top
"R300","1K","R_0402_1005Metric",29.320000,24.120000,90.000000,top
"R301","1K","R_0402_1005Metric",30.300000,24.120000,90.000000,top
"R302","10K","R_0402_1005Metric",27.725000,21.920000,-90.000000,top
"R303","10K","R_0402_1005Metric",26.735000,21.920000,90.000000,top
"R304","5K23","R_0402_1005Metric",26.570000,17.975000,180.000000,top
"R305","130R","R_0402_1005Metric",26.570000,18.950000,0.000000,top
"R306","30K1","R_0402_1005Metric",26.570000,17.000000,0.000000,top
"R307","10K","R_0402_1005Metric",24.575000,25.380000,-90.000000,top
"R308","22K1","R_0402_1005Metric",36.077291,25.150000,-90.000000,top
"R309","1K","R_0402_1005Metric",35.000000,26.190000,90.000000,top
"R310","10K","R_0402_1005Metric",32.500000,29.172500,180.000000,top
"R311","470R","R_0402_1005Metric",28.240000,28.275000,0.000000,top
"R312","10K","R_0402_1005Metric",26.340000,28.275000,180.000000,top
"R400","4K7","R_0402_1005Metric",94.000000,27.480000,-90.000000,top
"R401","22R","R_0402_1005Metric",112.600000,29.000000,0.000000,top
"R402","511K","R_0402_1005Metric",112.700000,59.000000,0.000000,top
"R403","511K","R_0402_1005Metric",69.510000,3.200000,0.000000,top
"R404","511K","R_0402_1005Metric",3.290000,39.000000,180.000000,top
"R405","470R","R_0402_1005Metric",43.670000,12.350000,0.000000,top
"R407","22R","R_0402_1005Metric",64.000000,3.400000,-90.000000,top
"R408","22R","R_0402_1005Metric",3.600000,27.600000,180.000000,top
"R409","22R","R_0402_1005Metric",3.200000,48.510000,90.000000,top
"R410","4K7","R_0402_1005Metric",93.875000,43.100000,-90.000000,top
"R411","1K","R_0402_1005Metric",55.050000,27.500000,-90.000000,top
"R412","1K","R_0402_1005Metric",55.012500,22.030000,-90.000000,top
"R413","22R","R_0402_1005Metric",68.700000,68.600000,90.000000,top
"R500","220R","R_0402_1005Metric",53.700000,56.775000,180.000000,top
"R501","10K","R_0402_1005Metric",18.730000,54.738437,0.000000,top
"R502","0R","R_0402_1005Metric",42.830000,58.813437,180.000000,top
"R503","470R","R_0402_1005Metric",50.050000,42.480000,-90.000000,top
"R504","10K","R_0402_1005Metric",49.000000,42.480000,-90.000000,top
"R505","10K","R_0402_1005Metric",42.800000,48.663437,180.000000,top
"R506","4K7","R_0402_1005Metric",44.300000,56.800000,-90.000000,top
"R507","4K7","R_0402_1005Metric",44.300000,60.588437,-90.000000,top
"R508","0R","R_0402_1005Metric",42.810000,56.288437,180.000000,top
"R509","0R","R_0402_1005Metric",42.810000,60.088437,180.000000,top
"R510","4K7","R_0402_1005Metric",65.920000,47.257500,180.000000,top
"R511","4K7","R_0402_1005Metric",65.950000,45.982500,180.000000,top
"R512","4K7","R_0402_1005Metric",65.940000,44.710000,180.000000,top
"R600","470R","R_0402_1005Metric",102.600000,13.200000,0.000000,top
"R601","470R","R_0402_1005Metric",102.590000,38.525000,0.000000,top
"R602","10K","R_0402_1005Metric",102.600000,14.200000,0.000000,top
"R603","10K","R_0402_1005Metric",102.590000,39.525000,0.000000,top
"R700","22K1","R_0402_1005Metric",61.350000,60.170000,-90.000000,top
"R701","1K","R_0402_1005Metric",55.980000,63.525000,180.000000,top
"R702","22K1","R_0402_1005Metric",77.425000,59.980000,-90.000000,top
"R703","4K7","R_0402_1005Metric",72.050000,63.325000,180.000000,top
"R704","10K","R_0402_1005Metric",63.325000,63.150000,-90.000000,top
"R705","10K","R_0402_1005Metric",79.400000,62.950000,-90.000000,top
"R706","470R","R_0402_1005Metric",63.325000,61.200000,90.000000,top
"R707","470R","R_0402_1005Metric",79.400000,61.000000,90.000000,top
"R708","10K","R_0402_1005Metric",80.950000,60.050000,0.000000,top
"R709","10K","R_0402_1005Metric",64.870000,60.250000,0.000000,top
"R800","0R","R_0402_1005Metric",44.000000,40.650000,-90.000000,top
"R801","0R","R_0402_1005Metric",20.200000,40.630000,-90.000000,top
"R802","0R","R_0402_1005Metric",58.750000,53.945000,90.000000,top
"R803","0R","R_0402_1005Metric",8.100000,52.075000,180.000000,top
"R804","0R","R_0402_1005Metric",4.775000,57.100000,90.000000,top
"R805","0R","R_0402_1005Metric",89.705000,57.890000,90.000000,top
"R806","0R","R_0402_1005Metric",101.575000,64.800000,90.000000,top
"R807","0R","R_0402_1005Metric",91.020000,62.475000,0.000000,top
"R808","1K","R_0402_1005Metric",101.500000,58.920000,-90.000000,top
"SW800","SW_Push","SW_101-C-W_XKB",37.775000,40.150000,0.000000,top
"SW801","SW_Push","SW_101-C-W_XKB",26.475000,40.125000,180.000000,top
"TH300","103AT-2","PinHeader_1x02_P2.54mm_Vertical",39.675000,18.337500,180.000000,top
"U100","USBLC6-2P6","SOT-666",10.750000,12.405000,0.000000,top
"U101","CP2102N-A02-GQFN24R","CP2102N_QFN-24-1EP_4x4mm_P0.5mm_EP2.5x2.5mm",11.600000,33.100000,90.000000,top
"U104","TPS61287RZPR","RZP0014A-MFG",73.987501,11.025000,180.000000,top
"U200","CYPD3177-24LQ","QFN-24-1EP_4x4mm_P0.5mm_EP2.75x2.75mm_ThermalVias",18.290000,18.690000,0.000000,top
"U300","BQ25892","Texas_RTW_WQFN-24-1EP_4x4mm_P0.5mm_EP2.7x2.7mm_ThermalVias",30.890000,18.732500,-90.000000,top
"U403","XC6220B331MR-G","SOT-23-5",49.950000,27.075000,0.000000,top
"U404","XC6220B331MR-G","SOT-23-5",49.912500,21.600000,0.000000,top
"U405","LM1085IS-12/NOPB","TO-263-3_TabPin2",80.900000,29.275000,0.000000,top
"U406","LM1085IS-12/NOPB","TO-263-3_TabPin2",80.775000,44.900000,0.000000,top
"U500","DS3231M","SOIC-16W_7.5x10.3mm_P1.27mm",50.900000,49.500000,90.000000,top
"U501","ESP32-WROOM-32E-N4","ESP32-WROOM-32E",31.925000,57.373437,0.000000,top
"U502","AT24CS01-SSHM","SOIC-8_3.9x4.9mm_P1.27mm",61.200000,46.600000,180.000000,top
