Value,Description,Reference,Footprint,DNP,Exclude from BOM
BS-07-A1BJ001_CR2032,Battery Holder CR2032 Manganese Steel Nickel Plugin Button And Strip Battery Connector,BT500,Battery:BatteryHolder_MYOUNG_BS-07-A1BJ001_CR2032,,
4.7uF,25V 10%,"C100,C103,C127,C200,C308",Capacitor_SMD:C_0603_1608Metric,,
100nF,25V 10%,"C101,C102,C104,C105,C106,C122,C124,C205,C206,C401,C402,C413,C414,C418,C419,C422,C423,C502,C506,C509,C600,C602,C604,C605,C702,C705,C800,C801,C802,C803,C804,C805,C806,C807,C808,C809",Capacitor_SMD:C_0402_1005Metric,,
10uF,25V 10%,"C123,C301,C302,C303,C307,C400,C403,C412,C415,C417,C420,C421,C424,C505,C508,C701,C704",Capacitor_SMD:C_0603_1608Metric,,
100pF,50V 1%,C125,Capacitor_SMD:C_0402_1005Metric,,
22nF,50V 5%,C126,Capacitor_SMD:C_0402_1005Metric,,
47uF,25V 20%,"C128,C129,C130,C131,C132,C133",Capacitor_SMD:C_1206_3216Metric,,
22nF,50V 5%,C135,Capacitor_SMD:C_0402_1005Metric,DNP,
1uF,25V 10%,"C201,C202,C203,C204,C207,C208,C300,C507",Capacitor_SMD:C_0603_1608Metric,,
47nF,25V 5%,C306,Capacitor_SMD:C_0402_1005Metric,,
330uF,16V 10%,"C404,C405",Capacitor_Tantalum_SMD:CP_EIA-7343-31_Kemet-D,,
470uF,16V 20%,C406,Capacitor_Tantalum_SMD:CP_EIA-7360-38_Kemet-E,,
4.7nF,25V 10%,"C407,C408,C409,C410,C411",Capacitor_SMD:C_0402_1005Metric,,
4.7nF,25V 10%,"C416,C425,C426,C427,C428",Capacitor_SMD:C_0402_1005Metric,DNP,Excluded from BOM
22uF,25V 20%,C500,Capacitor_SMD:C_0805_2012Metric,DNP,
100nF,25V 10%,C501,Capacitor_SMD:C_0402_1005Metric,DNP,
10uF,Tantulum 16V 10%,"C503,C504",Capacitor_Tantalum_SMD:CP_EIA-3216-18_Kemet-A,,
22uF,25V 20%,"C510,C511,C512,C513",Capacitor_SMD:C_0805_2012Metric,,
220uF,50V 20%,"C601,C603",Capacitor_SMD:CP_Elec_10x10,,
NCD0402G1,GREEN,"D100,D101,D300,D302",LED_SMD:LED_0402_1005Metric,,
NCD0402R1,RED,"D200,D201,D301,D400,D403,D404,D405,D700,D701",LED_SMD:LED_0402_1005Metric,,
SBR3U40S1F,Schottky Diodes & Rectifiers Schottky Rectifier,"D500,D600,D601",Custom_Global_Footprints:SBR3U40S1F-7,,
Polyfuse_Small,"Resettable fuse, polymeric positive temperature coefficient, small symbol","F400,F401",Fuse:Fuse_1210_3225Metric,,
Fiducial,Fiducial Marker,"FID400,FID401,FID402",Fiducial:Fiducial_1mm_Mask2mm,,Excluded from BOM
TYPE-C-31-M-12,TYPE-C-31-M-12,J100,Connector_USB:USB_C_Receptacle_GCT_USB4105-xx-A_16P_TopMnt_Horizontal,,
JST_B2B,"Generic connector, single row, 01x02, script generated (kicad-library-utils/schlib/autogen/connector/)","J300,J600,J601,J801,J802,J803,J805,J806,J807,J808",Connector_JST:JST_EH_B2B-EH-A_1x02_P2.50mm_Vertical,,
JST_B4B,"Generic connector, single row, 01x04, script generated (kicad-library-utils/schlib/autogen/connector/)","J700,J701",Connector_JST:JST_EH_B4B-EH-A_1x04_P2.50mm_Vertical,,
Conn_02x03_Odd_Even,"Generic connector, double row, 02x03, odd/even pin numbering scheme (row 1 odd numbers, row 2 even numbers), script generated (kicad-library-utils/schlib/autogen/connector/)",J800,Connector_PinHeader_1.27mm:PinHeader_2x03_P1.27mm_Vertical_SMD,,
Conn_02x05_Odd_Even,"Generic connector, double row, 02x05, odd/even pin numbering scheme (row 1 odd numbers, row 2 even numbers), script generated (kicad-library-utils/schlib/autogen/connector/)",J804,Connector_PinHeader_1.27mm:PinHeader_2x05_P1.27mm_Vertical_SMD,,
4.7uH (SPM12565VT-4R7M-D),Inductor,L103,Custom_Global_Footprints:SPM12565VT-4R7M,,
SRN6045HA-1R0Y,Inductor,L300,Custom_Global_Footprints:SRN6045HA-1R0Y,,
UMH3N,https://jlcpcb.com/api/file/downloadByFileSystemAccessId/8586175479908458496,Q100,Package_TO_SOT_SMD:SOT-363_SC-70-6,,
CSD17313Q2,"N-Channel 1.8V 2.3W 2.7nC@4.5V 30V 30mΩ@8V,4A 340pF@15V 5A WSON-6(2x2)",Q113,Package_SON:Texas_DQK,,
SI7615DN-T1-GE3,"-12A Id, -30V Vds, P-Channel Power MOSFET, 9.5mOhm Ron, 33.7nC Qg (typ), PowerDI3333-8","Q200,Q201,Q204",Package_SON:Diodes_PowerDI3333-8,,
DMP6050SSD-13,"-11.3A Id, -60V Vds, P-Channel Power MOSFET, 55mOhm Ron, 11.9nC Qg (typ), SO-8",Q202,Custom_Global_Footprints:DMP6050SSD_SO-8_3.9x4.9mm_P1.27mm,,
IRLML2402TRPBF,"N-Channel 1.2A 110pF 2.6nC@4.5V 20V 250mΩ@4.5V,0.93A 25pF@16V 540mW 700mV SOT-23 MOSFETs","Q203,Q205,Q301,Q500,Q702,Q703",Package_TO_SOT_SMD:SOT-23,,
BSS314PEH6327,"P-Channel 1.5A 2.9nC@10V 230mΩ@4.5V,1.2A 2V@6.3uA 30V 500mW P-Channel SOT-23 MOSFETs","Q300,Q700,Q701",Custom_Global_Footprints:BSS314PE,,
STN3NF06L,N-Channel 120mΩ@5V 2.8V@250uA 3.3W 30pF 340pF 4A 60V 63pF 9nC@5V N-Channel SOT-223 MOSFETs,"Q600,Q601",Package_TO_SOT_SMD:SOT-223,,
22K1,0.1% 1/16W,"R100,R112,R308,R700,R702",Resistor_SMD:R_0402_1005Metric,,
1K,1% 1/16W,"R101,R202,R203,R204,R218,R300,R301,R309,R411,R412,R701,R808",Resistor_SMD:R_0402_1005Metric,,
0R,1/16W 1%,"R102,R104,R210,R212,R213,R215,R502,R508,R509,R800,R801,R802,R803,R804,R805,R806,R807",Resistor_SMD:R_0402_1005Metric,,
47K5,1% 1/16W,R103,Resistor_SMD:R_0402_1005Metric,,
220R,1% 1/16W,"R105,R106,R500",Resistor_SMD:R_0402_1005Metric,,
10K,1% 1/16W,"R107,R207,R303,R307,R310,R312,R501,R504,R505,R602,R603,R704,R705,R708,R709",Resistor_SMD:R_0402_1005Metric,,
158K,1% 1/16W,R108,Resistor_SMD:R_0402_1005Metric,,
14K3,1% 1/16W,R109,Resistor_SMD:R_0402_1005Metric,,
49K9,1% 1/16W,"R110,R201,R216,R217",Resistor_SMD:R_0402_1005Metric,,
20K,1% 1/16W,R111,Resistor_SMD:R_0402_1005Metric,,
10K,1% 1/16W,"R121,R208,R209,R211,R214,R302",Resistor_SMD:R_0402_1005Metric,DNP,
470R,1% 1/16W,"R205,R311,R405,R503,R600,R601,R706,R707",Resistor_SMD:R_0402_1005Metric,,
4K7,1% 1/16W,"R206,R400,R410,R506,R507,R510,R511,R512,R703",Resistor_SMD:R_0402_1005Metric,,
5K23,0.1% 1/16W,R304,Resistor_SMD:R_0402_1005Metric,,
130R,0.1% 1/16W,R305,Resistor_SMD:R_0402_1005Metric,,
30K1,0.1% 1/16W,R306,Resistor_SMD:R_0402_1005Metric,,
22R,1% 1/16W,"R401,R407,R408,R409,R413",Resistor_SMD:R_0402_1005Metric,,
511K,1% 1/16W,"R402,R403,R404",Resistor_SMD:R_0402_1005Metric,,
511K,1% 1/16W,"R406,R419,R420",Resistor_SMD:R_0402_1005Metric,DNP,Excluded from BOM
22R,1% 1/16W,"R414,R415,R416,R417,R418",Resistor_SMD:R_0402_1005Metric,DNP,Excluded from BOM
SW_Push,"Push button switch, generic, two pins","SW800,SW801",Custom_Global_Footprints:SW_101-C-W_XKB,,
103AT-2,Temperature dependent resistor,TH300,Connector_PinHeader_2.54mm:PinHeader_1x02_P2.54mm_Vertical,,
~,test point,"TP301,TP500,TP501,TP502,TP503,TP506,TP507,TP509,TP600,TP601,TP602,TP603,TP700,TP701,TP702,TP703,TP704,TP800,TP801,TP802,TP803,TP804,TP805",TestPoint:TestPoint_Pad_D1.0mm,,Excluded from BOM
TestPoint,test point,"TP400,TP401,TP404,TP406,TP407",TestPoint:TestPoint_Pad_1.5x1.5mm,,
TestPoint_Small,test point,"TP402,TP403,TP405,TP412,TP413,TP414,TP419,TP420,TP421,TP422,TP423,TP424,TP426,TP427,TP428,TP429",TestPoint:TestPoint_Pad_D1.0mm,,Excluded from BOM
USBLC6-2P6,150nA 17V 2 3.5pF 5.25V 5A@8/20us 6V ESD IEC 61000-4-2 Unidirectional SOT-666-6 ESD and Surge Protection (TVS/ESD),U100,Package_TO_SOT_SMD:SOT-666,,
CP2102N-A02-GQFN24R,1.3uA 3V~3.6V 9.5mA USB 2.0 USB to UART QFN-24-EP(4x4) USB Converters,U101,Custom_Global_Footprints:CP2102N_QFN-24-1EP_4x4mm_P0.5mm_EP2.5x2.5mm,,
TPS61287RZPR,,U104,Custom_Global_Footprints:RZP0014A-MFG,,
CYPD3177-24LQ,10mA 3V~24.5V 500uA PD 3.0 QFN-24 USB Converters,U200,Package_DFN_QFN:QFN-24-1EP_4x4mm_P0.5mm_EP2.75x2.75mm_ThermalVias,,
BQ25892,12uA 3.9V~14V 4.208V 5.056A Charging IC I2C Lithium Battery Support Support WQFN-24-EP(4x4) Battery Management,U300,Package_DFN_QFN:Texas_RTW_WQFN-24-1EP_4x4mm_P0.5mm_EP2.7x2.7mm_ThermalVias,,
XC6220B331MR-G,"1A 3.3V 50dB@(1kHz) 655mV@(1A) 6V 8uA Fixed Over Current Protection Positive SOT-25 Voltage Regulators - Linear, Low Drop Out (LDO) Regulators","U403,U404",Package_TO_SOT_SMD:SOT-23-5,,
LM1085IS-12/NOPB,"1.5V@(3A) 12V 25V 3A 5mA 60dB@(120Hz) Fixed Over Current Protection Positive TO-263-3 Voltage Regulators - Linear, Low Drop Out (LDO) Regulators","U405,U406",Package_TO_SOT_SMD:TO-263-3_TabPin2,,
DS3231M,Extremely Accurate I2C-Integrated RTC/TCXO/Crystal SOIC-16,U500,Package_SO:SOIC-16W_7.5x10.3mm_P1.27mm,,
ESP32-WROOM-32E-N4,ESP32-WROOM-32E-N4,U501,RF_Module:ESP32-WROOM-32E,,
AT24CS01-SSHM,"I2C Serial EEPROM, 1Kb (128x8) with Unique Serial Number, SO8",U502,Package_SO:SOIC-8_3.9x4.9mm_P1.27mm,,
